portuguese,hebrew,part_of_speech,explaination,,,,
a espera de,מחכה ל,אחר,,,,,
Abandonar,לנטוש,פועל,,,,,
abelha,דבורה,שם עצם,,,,,
Aberto,פתוח,שם תואר,,,,,
Abertura,פתיחה,שם עצם,,,,,
abril,אפריל,שם עצם,,,,,
abrir,לפתוח,פועל,,,,,
acabar,לסיים,פועל,,,,,
Academia,אולם ספורט,שם עצם,,,,,
aceitar,להסכים,פועל,,,,,
achar,למצוא,פועל,,,,,
achar,לחשוב (ש...),פועל,,,,,
acontecer,לקרות,פועל,,,,,
acordar,להתעורר,פועל,,,,,
Acreditar,להאמין,פועל,,,,,
Acrescentar,להוסיף,פועל,,,,,
a??car,סוכר,שם עצם,,,,,
advogado,עורך דין,שם עצם,,,,,
aeroporto,שדה תעופה,שם עצם,,,,,
?frica,אפריקה,שם עצם,,,,,
agasalho,מעיל,שם עצם,,,,,
agasalhos,בגדי חורף,שם עצם,,,,,
agente,סוכן,שם עצם,,,,,
agosto,אוגוסט,שם עצם,,,,,
agradecer,להודות ל...,פועל,,,,,
?gua,מים,שם עצם,,,,,
a?,שם,אחר,,,,,
ajudar,לעזור,פועל,,,,,
?lcool,אלכוהול,שם עצם,,,,,
Alegria,שמחה,שם עצם,,,,,
Alemanha,גרמניה,שם עצם,,,,,
Alem?o,גרמני,שם תואר,,,,,
Alem?o,גרמני,שם תואר,,,,,
Alem?o,גרמנית (שפה),שם עצם,,,,,
ali,שם,אחר,,,,,
alimento,אוכל,שם עצם,,,,,
almo?o,ארוחת צהריים,שם עצם,,,,,
Alto,גבוה,שם תואר,,,,,
aluno,תלמיד,שם עצם,,,,,
amar,לאהוב,פועל,,,,,
amarelo,צהוב,שם תואר,,,,,
amargo,מר,שם תואר,,,,,
Am?rica,אמריקה,שם עצם,,,,,
amigo,חבר,שם עצם,,,,,
Amizade,חברות,שם עצם,,,,,
Amor,אהבה,שם עצם,,,,,
Amplo,מרווח,שם תואר,,,,,
Analisar,לבדוק,פועל,,,,,
andar,קומה,שם עצם,,,,,
andar,ללכת,פועל,,,,,
anivers?rio,יום הולדת,שם עצם,,,,,
ano,שנה,שם עצם,,,,,
Ansioso,חרד,שם תואר,,,,,
Ansioso,להוט,שם תואר,,,,,
Antigo,עתיק,שם תואר,,,,,
aparecer,להופיע,פועל,,,,,
aparelho,מערכת,שם עצם,,,,,
apartamento,דירה,שם עצם,,,,,
Apertado,צמוד,שם תואר,,,,,
Aplicar,ליישם,פועל,,,,,
apontar,להצביע,פועל,,,,,
aprender,ללמוד,פועל,,,,,
Apresenta??o,פרזנטציה,שם עצם,,,,,
apresentar,להציג,פועל,,,,,
aquecimento,חימום,שם עצם,,,,,
aquela,ההיא,אחר,,,,,
aquele,ההוא,אחר,,,,,
aqui,כאן,אחר,,,,,
aquilo,הדבר ההוא,אחר,,,,,
?rea,איזור,שם עצם,,,,,
Argentino,ארגנטינאי,שם תואר,,,,,
arma,כלי נשק,שם עצם,,,,,
arquiteta,אדריכל,שם עצם,,,,,
arrumar,"לסדר, לערוך",פועל,,,,,
artista,אומן,שם עצם,,,,,
as vezes,לפעמים,אחר,,,,,
?sia,אסיה,שם עצם,,,,,
assembleia,אסיפה,שם עצם,,,,,
assinar,לחתום,פועל,,,,,
associa??o,ארגון,שם עצם,,,,,
Assumir,לקחת אחריות על,פועל,,,,,
Assustado,מפחדת,שם תואר,,,,,
Atender - לעזור,לעזור,פועל,,,,,
atingir,לפגוע,פועל,,,,,
Atividade,פעילות,שם עצם,,,,,
Atleta,אתלט,שם עצם,,,,,
Atos,פעולות,שם עצם,,,,,
atrasar,"לעכב, לדחות",פועל,,,,,
Atuar - לפעול,"לפעול, לשחק (בסרט, סדרה וכו)",פועל,,,,,
audi?ncia,קהל,שם עצם,,,,,
Aumentar,"להגביר, להגדיל",פועל,,,,,
Aus?ncia,היעדרות,שם עצם,,,,,
autom?vel,מכונית,שם עצם,,,,,
autor,מחבר,שם עצם,,,,,
autoridade,רשות,שם עצם,,,,,
avalia??o,הערכה,שם עצם,,,,,
avenida,שדרה,שם עצם,,,,,
avi?o,מטוס,שם עצם,,,,,
av?,סבא/סבתא,שם עצם,,,,,
azedo,חמוץ,שם תואר,,,,,
azite,שמן,שם עצם,,,,,
azul,כחול,שם תואר,,,,,
bairro,שכונה,שם עצם,,,,,
Baixa,"נפגע, פצוע",שם עצם,,,,,
Baixo,נמוך,שם תואר,,,,,
banco,בנק,שם עצם,,,,,
banda,להקה,שם עצם,,,,,
bandeira,דגל,שם עצם,,,,,
banheiro,מקלחת,שם עצם,,,,,
bar,בר,שם עצם,,,,,
barato,זול,שם תואר,,,,,
barbeador,מסור,שם עצם,,,,,
Barco,סירה,שם עצם,,,,,
barriga,בטן,שם עצם,,,,,
Barulhento,רועש,שם תואר,,,,,
B?sico,בסיסי,שם תואר,,,,,
Basquete,כדורסל,שם עצם,,,,,
beb?,תינוק,שם עצם,,,,,
beber,לשתות,פועל,,,,,
beijar,לנשק,פועל,,,,,
Beleza,יופי,שם עצם,,,,,
Benef?cios,יתרונות,שם עצם,,,,,
ber?o,עריסה,שם עצם,,,,,
biblioteca,ספריה,שם עצם,,,,,
Bicicleta,אופניים,שם עצם,,,,,
bife,סטייק,שם עצם,,,,,
bispo,בישוף,שם עצם,,,,,
blusa,חולצה,שם עצם,,,,,
boca,פה,שם עצם,,,,,
bola,כדור,שם עצם,,,,,
bolo,עוגה,שם עצם,,,,,
bolsa,תיק,שם עצם,,,,,
bolso,כיס,שם עצם,,,,,
bonito,יפה,שם תואר,,,,,
botas,מגפיים,שם עצם,,,,,
bra?o,זרוע,שם עצם,,,,,
branco,לבן,שם תואר,,,,,
Brasileiro,ברזילאי,שם תואר,,,,,
brinquedo,צעצוע,שם עצם,,,,,
Brit?nico,בריטי,שם תואר,,,,,
Busca,חיפוש,שם עצם,,,,,
cabe?a,ראש,שם עצם,,,,,
cachorro,כלב,שם עצם,,,,,
cadela,כלבה,שם עצם,,,,,
caf?,קפה,שם עצם,,,,,
cair,ליפול,פועל,,,,,
caixa,קופסה,שם עצם,,,,,
cal?as,מכנסיים,שם עצם,,,,,
calend?rio,לוח שנה,שם עצם,,,,,
calmo,רגוע,שם תואר,,,,,
cama,מיטה,שם עצם,,,,,
caminhar,ללכת,פועל,,,,,
camisa,חולצה,שם עצם,,,,,
campe?,אלופה,שם עצם,נקבה של campe?o,,,,
Campe?o,אלוף,שם עצם,,,,,
Campeonato,אליפות,שם עצם,,,,,
campo,שדה,שם עצם,,,,,
Canal,ערוץ,שם עצם,,,,,
Caneta,עט,שם עצם,,,,,
cantar,לשיר,פועל,,,,,
capa,שכמייה,שם עצם,,,,,
capital,עיר בירה,שם עצם,,,,,
capit?o,קפטן,שם עצם,,,,,
Cap?tulo,פרק,שם עצם,,,,,
Cara,פרצופ,שם עצם,,,,,
card?pio,תפריט,שם עצם,,,,,
cargo,עמדה,שם עצם,,,,,
cargo,מצב,שם עצם,,,,,
cargo,משרה,שם עצם,,,,,
carne,בשר,שם עצם,,,,,
caro,יקר,שם תואר,,,,,
carregar,לשאת,פועל,,,,,
Carreira,קריירה,שם עצם,,,,,
carro,מכונית,שם עצם,,,,,
carta,מכתב,שם עצם,,,,,
carteira,ארנק,שם עצם,,,,,
carteiro,דוור,שם עצם,,,,,
casa,בית,שם עצם,,,,,
casaco,מעיל,שם עצם,,,,,
casal,זוג,שם עצם,,,,,
castelo,טירה,שם עצם,,,,,
Categoria,קטגוריה,שם עצם,,,,,
cavalo,סוס,שם עצם,,,,,
celular,טלפון נייד,שם עצם,,,,,
centimetro,סנטימטר,שם עצם,,,,,
centro,מרכז,שם עצם,,,,,
Certeza,וודאות,שם עצם,,,,,
certo,נכון,שם תואר,,,,,
cerveja,בירה,שם עצם,,,,,
chamar,לקרוא (למשהו בשם),פועל,,,,,
chamar,לקרוא (בקול),פועל,,,,,
ch?o,רצפה,שם עצם,,,,,
chap?u,כובע,שם עצם,,,,,
Chato,מעצבן,שם תואר,,,,,
Chato,משעמם,שם תואר,,,,,
chefe,בוס,שם עצם,,,,,
Chegada,הגעה,שם עצם,,,,,
chegar,להגיע,פועל,,,,,
Cheio,מלא,שם תואר,,,,,
cheiro,ריח,שם עצם,,,,,
China,סין,שם עצם,,,,,
Chin?s,סיני,שם תואר,,,,,
Chin?s,סינית (שפה),שם עצם,,,,,
chorar,לבכות,פועל,,,,,
chover,לרדת (גשם),פועל,,,,,
chuveiro,מקלחת,שם עצם,,,,,
ciclo,תקופה,שם עצם,,,,,
ciclo,מחזור,שם עצם,,,,,
cidad?o,אזרח,שם עצם,,,,,
cidade,עיר,שם עצם,,,,,
cinza,אפור,שם תואר,,,,,
classe,כיתה,שם עצם,,,,,
Cl?ssico,קלאסי,שם תואר,,,,,
classifica??o,הכשרה,שם עצם,,,,,
clube,מועדון,שם עצם,,,,,
cobertor,שמיכה,שם עצם,,,,,
c?digo,קוד,שם עצם,,,,,
coisa,דבר,שם עצם,,,,,
colega,חבר,שם עצם,,,,,
colega,עמית,שם עצם,,,,,
col?gio,בית ספר,שם עצם,,,,,
colher,כף,שם עצם,,,,,
colocar,"לשים, ללבוש",פועל,,,,,
colorar,לצבוע,פועל,,,,,
colorido,צבעוני,שם תואר,,,,,
coluna,עמוד,שם עצם,,,,,
come?ar,להתחיל,פועל,,,,,
Come?o,התחלה,שם עצם,,,,,
Comemora??o,חגיגה,שם עצם,,,,,
comer,לאכול,פועל,,,,,
Comercial,מסחרי,שם תואר,,,,,
comfort?vel,נוח,שם תואר,,,,,
comida,אוכל,שם עצם,,,,,
comiss?o,עמלה,שם עצם,,,,,
Competi??o,תחרות,שם עצם,,,,,
Comportamento,התנהגות,שם עצם,,,,,
comprar,לקנות,פועל,,,,,
Comprido,ארוך,שם תואר,,,,,
Compromisso,פגישה,שם עצם,,,,,
Compromisso,התחייבות (למשהו שנקבע מראש),שם עצם,,,,,
Compromisso antes,התחייבות קודמת,אחר,,,,,
Comprovar,להוכיח,פועל,,,,,
computador,מחשב,שם עצם,,,,,
comunidade,קהילה,שם עצם,,,,,
Concentra??o,ריכוז,שם עצם,,,,,
concordar,להסכים,פועל,,,,,
Confer?ncia,כנס,שם עצם,,,,,
Confundido,מבולבל,שם תואר,,,,,
conhecer,"להכיר, לפגוש (לראשונה)",פועל,,,,,
Conhecimento,ידע,שם עצם,,,,,
Conseguir,"להציליח, להיות מסוגל",פועל,,,,,
conselheiro,יועץ,שם עצם,,,,,
Conselho,עצה,שם עצם,,,,,
Consequ?cias,תוצאות,שם עצם,,,,,
Considerar,להעריך,פועל,,,,,
construir,לבנות,פועל,,,,,
contar,לספר (סיפור),פועל,,,,,
contar,לספור,פועל,,,,,
Contexto,קונטקסט,שם עצם,,,,,
Contexto,הקשר,שם עצם,,,,,
continente,יבשת,שם עצם,,,,,
Continua??o,המשך,שם עצם,,,,,
Continuar,להמשיך,פועל,,,,,
Contra,נגד,שם עצם,,,,,
Controlar,לשלוט,פועל,,,,,
conversar,לשוחח,פועל,,,,,
convidar,להזמין,פועל,,,,,
Convoca??o,שיחה,שם עצם,,,,,
Convoca??o,קריאה,שם עצם,,,,,
copo,כוס,שם עצם,,,,,
cor,צבע,שם עצם,,,,,
coronel,קולונל,שם עצם,,,,,
corrente,שרשרת,שם עצם,,,,,
correr,לרוץ,פועל,,,,,
cortar,לחתוך,פועל,,,,,
cortina,וילון,שם עצם,,,,,
corvinal,רייבנקלו,שם עצם,בהוגוורטס,,,,
costas,גב,שם עצם,,,,,
cotovelo,מרפק,שם עצם,,,,,
cozinha,מטבח,שם עצם,,,,,
cozinhar,לבשל,פועל,,,,,
cozinhero,טבח,שם עצם,,,,,
crescer,לגדול,פועל,,,,,
criar,ליצור,פועל,,,,,
Crit?rio,קריטריון,שם עצם,,,,,
Cubano,קובני,שם תואר,,,,,
cuidar,"לטפל, לשים לב",פועל,,,,,
Culpa,אשמה,שם עצם,,,,,
cultura,תרבות,שם עצם,,,,,
cultural,תרבותי,שם תואר,,,,,
Curiosidade,סקרנות,שם עצם,,,,,
Curso,קורס,שם עצם,,,,,
Curto,קצר,שם תואר,,,,,
dar,לתת,פועל,,,,,
data,תאריך,שם עצם,,,,,
d?cada,עשור,שם עצם,,,,,
decidir,להחליט,פועל,,,,,
dedo,אצבע,שם עצם,,,,,
Defender,להגן על,פועל,,,,,
defenitivo,סופי,שם תואר,,,,,
defenitivo,מוחלט,שם תואר,,,,,
Defesa,הגנה,שם עצם,,,,,
defini??o,הגדרה,שם עצם,,,,,
Definir,"לקבוע, להגדיר",פועל,,,,,
deixar,"להשאיר, לעזוב",פועל,,,,,
Demonstrar,להראות,פועל,,,,,
dente,שן,שם עצם,,,,,
departamento,מחלקה,שם עצם,,,,,
Depend?ncia,תלות,שם עצם,,,,,
depender,לסמוך על,פועל,הצרכה: de,,,,
Descobrir,לגלות,פועל,,,,,
descolorar,להלבין,פועל,,,,,
Desejo,רצון חזק,שם עצם,,,,,
Desenvolver,לפתח,פועל,,,,,
desligar,לנתק,פועל,,,,,
Dever de casa,שיעורי בית,שם עצם,,,,,
dezembro,דצמבר,שם עצם,,,,,
dia,יום,שם עצם,,,,,
di?rio,יומן,שם עצם,,,,,
Dicion?rio,מילון,שם עצם,,,,,
diferen?a,הבדל,שם עצם,,,,,
diferente,שונה,שם תואר,,,,,
dificil,קשה,שם תואר,,,,,
Diminuir,"להקטין, להפחית",פועל,,,,,
dinheiro,כסף,שם עצם,,,,,
Diploma,דיפלומה,שם עצם,,,,,
Diploma,תואר,שם עצם,,,,,
Dire??o,כיוון,שם עצם,,,,,
direito,ימני,שם תואר,,,,,
Direto,היישר,אחר,,,,,
Direto,ישיר,שם תואר,,,,,
diretor,מנהל,שם עצם,,,,,
dirigentes,מנהיגים,שם עצם,,,,,
Disciplina,דיסציפלינה,שם עצם,,,,,
Disciplina,קורס,שם עצם,,,,,
Discuss?o,ויכוח,שם עצם,,,,,
Discuss?o,דיון,שם עצם,,,,,
dist?ncia,מרחק,שם עצם,,,,,
Distribui??o,הפצה,שם עצם,,,,,
Distribui??o,חלוקה,שם עצם,,,,,
distrito,מחוז,שם עצם,,,,,
Divertimento,"הנאה, כיף",שם עצם,,,,,
Divis?o,חלוקה,שם עצם,,,,,
dizer,להגיד,פועל,,,,,
doce,מתוק,שם תואר,,,,,
documanto,מסמך,שם עצם,,,,,
doente,חולה,שם תואר,,,,,
doer,לכאוב,פועל,,,,,
domingo,יום ראשון,שם עצם,,,,,
dono,בעלים,שם עצם,,,,,
Dor,כאב,שם עצם,,,,,
dormir,לישון,פועל,,,,,
dura??o,משך,שם עצם,,,,,
duro,קשה,שם תואר,,,,,
Edi??o,עריכה,שם עצם,,,,,
edif?cio,בניין,שם עצם,,,,,
Educa??o,חינוך,שם עצם,,,,,
elefante,פיל,שם עצם,,,,,
Eliminar,לחסל,פועל,,,,,
Emo??o,רגש,שם עצם,,,,,
Emo??o,אמוציה,שם עצם,,,,,
emprego,עבודה,שם עצם,,,,,
empresa,חברה,שם עצם,,,,,
empresario,איש עסקים,שם עצם,,,,,
encher,למלא,פועל,,,,,
encontrar,לפגוש,פועל,,,,,
engenheiro,מהנדס,שם עצם,,,,,
Enorme,ענק,שם תואר,,,,,
Ensaios,חזרות,שם עצם,,,,,
ensinar,ללמד,פועל,,,,,
ensino fundamental,בית ספר יסודי,אחר,בברזיל: 9 שנות הלימוד הראשונות,,,,
ensino m?dio,בית ספר תיכון,אחר,בברזיל: 3 שנות הלמוד האחרונות,,,,
ensino superior,השכלה גבוהה,אחר,,,,,
Ensolarado,"שמשי, שטוף שמש",שם תואר,,,,,
entender,להבין,פועל,,,,,
Entrada,כניסה,שם עצם,,,,,
entregar,לשלוח,פועל,,,,,
entresario,יזם,שם עצם,,,,,
envelope,מעטפה,שם עצם,,,,,
enviar,לשלוח,פועל,,,,,
envolver,"לכלול, לעטוף, להכניס ל...",פועל,,,,,
epoca,תקופה,שם עצם,,,,,
epoca,עונה,שם עצם,,,,,
Equipe,קבוצת ספורט,שם עצם,,,,,
errar,לטעות,פועל,,,,,
Erro,טעות,שם עצם,,,,,
escada,"סולם, מדרגות",שם עצם,,,,,
Escola,בית ספר,שם עצם,,,,,
escolher,לבחור,פועל,,,,,
escova,מברשת,שם עצם,,,,,
escrever,לכתוב,פועל,,,,,
escritor,סופר,שם עצם,,,,,
escrit?rio,משרד,שם עצם,,,,,
escutar,להקשיב,פועל,,,,,
Esfor?o,מאמץ,שם עצם,,,,,
Espanha,ספרד,שם עצם,,,,,
Espanhol,ספרדי,שם תואר,,,,,
Espanhol,ספרדית (שפה),שם עצם,,,,,
Especial,מיוחד,שם תואר,,,,,
especialidade,התמחות,שם עצם,,,,,
especialista,מומחה,שם עצם,,,,,
espectador,צופה,שם עצם,,,,,
espelho,מראה,שם עצם,,,,,
Esperan?a,תקווה,שם עצם,,,,,
esperar,לחכות,פועל,,,,,
Esporte,ספורט,שם עצם,,,,,
esposa,אישה,שם עצם,,,,,
esposo,בעל,שם עצם,,,,,
Esquecer,לשכוח,פועל,,,,,
esquerdo,שמאלי,שם תואר,,,,,
esquina,פינה,שם עצם,,,,,
essa,ההיא,אחר,,,,,
esse,ההוא,אחר,,,,,
esta,זאת,אחר,,,,,
est? com certeza,בטוח ש,אחר,,,,,
esta??o,עונה,שם עצם,,,,,
esta??o,תחנה,שם עצם,,,,,
est?dio,איצטריון,שם עצם,,,,,
Estados unidos,"ארה""ב",שם עצם,,,,,
Estadunidense,"מארה""ב, של ארה""ב",שם תואר,,,,,
estar,להיות (במצב מסוים או במקום מסוים),פועל,לרוב מתאר מצב זמני ולא קבוע,,,,
este,זה,אחר,,,,,
Estou com vontade,אני רוצה,אחר,,,,,
estrada,כביש,שם עצם,,,,,
estrangeira,זר,שם תואר,,,,,
Estranho,מוזר,שם תואר,,,,,
estrutura,מבנה,שם עצם,,,,,
estudante,סטודנט,שם עצם,,,,,
estudar,ללמוד,פועל,,,,,
etapa,תקופה,שם עצם,,,,,
etapa,עונה,שם עצם,,,,,
?tico,מוסרי,שם תואר,,,,,
Eu fui obrigado,נאלצתי,אחר,,,,,
Europa,אירופה,שם עצם,,,,,
Europeu,אירופאי,שם תואר,,,,,
Evento,אירוע,שם עצם,,,,,
evitar,למנוע,פועל,,,,,
Exame,מבחן,שם עצם,,,,,
exce??o,יוצא מן הכלל,שם עצם,,,,,
excelente,נפלא,שם תואר,,,,,
Exemplo,דוגמה,שם עצם,,,,,
Exerc?cio,תרגיל,שם עצם,,,,,
existir,"להיות קיים, להתקיים",פועל,,,,,
Explica??o,הסבר,שם עצם,,,,,
explicar,להסביר,פועל,,,,,
extens?o,היקף,שם עצם,,,,,
extens?o,גודל,שם עצם,,,,,
Exterior,חוץ,שם עצם,,,,,
Exterior,"חו""ל",שם עצם,,,,,
f?cil,קל,שם תואר,,,,,
Faculdade,מכללה,שם עצם,,,,,
falar,לדבר,פועל,,,,,
falhar,להיכשל,פועל,,,,,
Falta,מחסור,שם עצם,,,,,
Falta,חוסר,שם עצם,,,,,
Falta,געגוע,שם עצם,,,,,
fam?lia,משפחה,שם עצם,,,,,
Familiar,מוכר,שם תואר,,,,,
famoso,מפורסם,שם תואר,,,,,
fase,שלב,שם עצם,,,,,
Fator,גורם,שם עצם,,,,,
Fator,פקטור,שם עצם,,,,,
fazenda,חווה,שם עצם,,,,,
fazendeira,חקלאית,שם עצם,,,,,
fazer,לעשות,פועל,,,,,
Fechado,סגור,שם תואר,,,,,
fechar,לסגור,פועל,,,,,
Fechar,לסגור,פועל,,,,,
feira,יריד,שם עצם,,,,,
Feliz,שמחה,שם עצם,,,,,
Feminina,נשית,שם תואר,,,,,
F?rias,חופשה,שם עצם,,,,,
F?rias,חגים,שם עצם,,,,,
ferramentas,כלים,שם עצם,,,,,
festa,מסיבה,שם עצם,,,,,
festival,פסטיבל,שם עצם,,,,,
fevereiro,פברואר,שם עצם,,,,,
ficar,להפוך ל...,פועל,לרוב כשאחריו יגיע שם תואר,,,,
ficar,להימצא (במקום מסוים),פועל,נאמר על מבנה או כל דבר אחר שלא ניתן להזזה,,,,
ficar,להישאר,פועל,,,,,
filha,בת (של),שם עצם,,,,,
filho,בן (של),שם עצם,,,,,
filme,סרט,שם עצם,,,,,
Fim,סוף,שם עצם,,,,,
fino,דק,שם תואר,,,,,
folha,עלה,שם עצם,,,,,
fome,רעב,שם עצם,,,,,
fonte,מקור,שם עצם,,,,,
fonte,מזרקה,שם עצם,,,,,
Formal,פורמלי,שם תואר,,,,,
Formar,לייצר,פועל,,,,,
formiga,נמלה,שם עצם,,,,,
forno,תנור,שם עצם,,,,,
Forte,חזק,שם תואר,,,,,
fotografia,תמונה,שם עצם,,,,,
fracasso,כישלון,שם עצם,,,,,
Fran?a,צרפת,שם עצם,,,,,
Franc?s,צרפתי,שם תואר,,,,,
Franc?s,צרפתית (שפה),שם עצם,,,,,
franco,ישר,שם תואר,,,,,
frango,עוף (מאכל),שם עצם,,,,,
frequ?ncia,תדירות,שם עצם,,,,,
frio,קר,שם תואר,,,,,
fritar,לטגן,פועל,,,,,
frito,מטוגן,שם תואר,,,,,
fronteira,גבול,שם עצם,,,,,
Fundamental,בסיסי,שם תואר,,,,,
Futebol,כדורגל,שם עצם,,,,,
galeria,גלריה,שם עצם,,,,,
Ganhar,לזכות,פועל,,,,,
Garantir,לערוב ל,פועל,,,,,
garfo,מזלג,שם עצם,,,,,
garrafa,בקבוק,שם עצם,,,,,
gato,חתול,שם עצם,,,,,
geladeira,מקרר,שם עצם,,,,,
gente,אנשים,שם עצם,,,,,
Geografia,גיאוגרפיה,שם עצם,,,,,
gera??o,דור,שם עצם,,,,,
gerente,מנהל,שם עצם,,,,,
Gesto,מחווה,שם עצם,,,,,
Gin?sio,חדר כושר,שם עצם,,,,,
Global,גלובלי,שם תואר,,,,,
Gl?ria,תהילה,שם עצם,,,,,
Gol,מטרה,שם עצם,,,,,
Gol,גול,שם עצם,,,,,
gostar,"לאהוב, לחבב",פועל,הצרכה: de,,,,
grama,דשא,שם עצם,,,,,
grama,גרם,שם עצם,,,,,
grande,גדול,שם תואר,,,,,
gratis,חינם,שם תואר,,,,,
Gratuito,חינם,שם תואר,,,,,
Grau,תואר,שם עצם,,,,,
Grave,רציני,שם תואר,,,,,
Grave,רע,שם תואר,,,,,
greve,הפגנה,שם עצם,,,,,
grifin?ria,גריפינדור,שם עצם,בהוגוורטס,,,,
gritar,לצעוק,פועל,,,,,
guarda,שומר,שם עצם,,,,,
guarda chuva,מטריה,שם עצם,,,,,
guardar,לשמור,פועל,,,,,
Guia,מדריך,שם עצם,,,,,
h?,יש שם,פועל,צורת הווה של haver,,,,
homem,גבר,שם עצם,,,,,
Honra,כבוד,שם עצם,,,,,
hora,שעה,שם עצם,,,,,
hospital,בית חולים,שם עצם,,,,,
hotel,מלון,שם עצם,,,,,
humanidade,אנושות,שם עצם,,,,,
humano,אנושי,שם תואר,,,,,
Humor,הומור,שם עצם,,,,,
Humor,מצב רוח,שם עצם,,,,,
Ideal,אידיאל,שם תואר,,,,,
Ideal,אידיאלי,שם עצם,,,,,
Identidade,זהות,שם עצם,,,,,
Idioma,שפה,שם עצם,,,,,
igreja,כנסייה,שם עצם,,,,,
Igual,שווה,שם תואר,,,,,
Igual,זהה,שם תואר,,,,,
Igual,אותו דבר,שם תואר,,,,,
ilha,אי,שם עצם,,,,,
Imediata,מיידית,שם תואר,,,,,
Impacto,השפעה,שם עצם,,,,,
Impedir,למנוע,פועל,,,,,
importante,חשוב,שם תואר,,,,,
importar,"להיות חשוב (ל..), לעניין (מישהו)",פועל,"isso n?o me importa - לא אכפת לי, זה לא משנה לי",,,,
imposs?vel,בלתי אפשרי,שם תואר,,,,,
incr?vel,מדהים,שם תואר,,,,,
Independente,עצמאי,שם תואר,,,,,
?ndice,אינדקס,שם עצם,,,,,
indiv?duo,איש,שם עצם,,,,,
indiv?duo,אינדבידואל,שם עצם,,,,,
industrial,תעשייתי,שם תואר,,,,,
Infantil,"ילדותי, של ילדים",שם תואר,,,,,
Influ?ncia,השפעה,שם עצם,,,,,
Inglaterra,אנגליה,שם עצם,,,,,
Iniciar,להתחיל,פועל,,,,,
Iniciativa,יוזמה,שם עצם,,,,,
in?cio,התחלה,שם עצם,,,,,
inimigo,אויב,שם עצם,,,,,
inseto,חרק,שם עצם,,,,,
instante,רגע,שם עצם,,,,,
institui??o,מוסד,שם עצם,,,,,
Instituto,מכון,שם עצם,,,,,
Instru??es,הוראות,שם עצם,,,,,
Integrantes,חברים בקבוצה,שם עצם,,,,,
Intelectual,אינטלקטואל,שם תואר,,,,,
Intelig?ncia,איטליגנציה,שם עצם,,,,,
Inten??o,כוונה,שם עצם,,,,,
Intensidade,אינטנסיביות,שם עצם,,,,,
Interc?mbio,חילופי סטודנטים,שם עצם,,,,,
Interessante,מעניין,שם תואר,,,,,
interesse,עניין,שם עצם,,,,,
Interior,פנים,שם עצם,,,,,
Internacional,בינלאומי,שם תואר,,,,,
Introdu??o,מבוא,שם עצם,,,,,
inverno,חורף,שם עצם,,,,,
ir,ללכת,פועל,,,,,
irm?,אחות,שם עצם,,,,,
irm?o,אח,שם עצם,,,,,
isso,הדבר ההוא,אחר,,,,,
isto,הדבר הזה,אחר,,,,,
It?lia,איטליה,שם עצם,,,,,
Italiano,איטלקי,שם תואר,,,,,
Italiano,איטלקית (שפה),שם עצם,,,,,
janeiro,ינואר,שם עצם,,,,,
janela,חלון,שם עצם,,,,,
jantar,ארוחת ערב,שם עצם,,,,,
jardim,גינה,שם עצם,,,,,
joelho,ברך,שם עצם,,,,,
Jogador,שחקן,שם עצם,,,,,
jornal,עיתון,שם עצם,,,,,
jornalista,עיתונאי,שם עצם,,,,,
jovem,צעיר,שם תואר,,,,,
juiz,שופט,שם עצם,,,,,
julgar,לשפוט,פועל,,,,,
julho,יולי,שם עצם,,,,,
junho,יוני,שם עצם,,,,,
juntar,לאסוף,פועל,,,,,
juntos,ביחד,שם תואר,,,,,
Justo,צמוד,שם תואר,,,,,
Justo,הוגן,שם תואר,,,,,
l?,שם,אחר,,,,,
Lado,צד,שם עצם,,,,,
lampada,נורה,שם עצם,,,,,
lan?ar,לחנוך,פועל,,,,,
lanche,חטיף,שם עצם,,,,,
L?pis,עיפרון,שם עצם,,,,,
lar,בית,שם עצם,,,,,
Largo,גדול,שם תואר,,,,,
Largo,רחב,שם תואר,,,,,
lata,פחית,שם עצם,,,,,
lavar,לשטוף,פועל,,,,,
Lazer,פנאי,שם עצם,,,,,
le?o,אריה,שם עצם,,,,,
Legal,"סבבה, ""קול""",שם תואר,,,,,
leite,חלב,שם עצם,,,,,
leitor,קורא,שם עצם,,,,,
Leitura,קריאה,שם עצם,,,,,
len?ol,מצעים,שם עצם,,,,,
ler,לקרוא,פועל,,,,,
Leste,מזרח,שם עצם,,,,,
levar,לקחת,פועל,,,,,
Liberal,ליברלי,שם תואר,,,,,
liberdade,חופש,שם עצם,,,,,
Li??o,שיעור,שם עצם,,,,,
licen?a,היתר,שם עצם,,,,,
licen?a,רישיון,שם עצם,,,,,
ligar,להתקשר,פועל,,,,,
limpar,לנקות,פועל,,,,,
limpo,נקי,שם תואר,,,,,
lindo,יפה,שם תואר,,,,,
L?ngua,שפה,שם עצם,,,,,
litro,ליטר,שם עצם,,,,,
livraria,חנות ספרים,שם עצם,,,,,
Livre,חופשי,שם תואר,,,,,
livro,ספר,שם עצם,,,,,
lobo,זאב,שם עצם,,,,,
local,מקום,שם עצם,,,,,
localidade,מקום,שם עצם,,,,,
L?gico,הגיוני,שם תואר,,,,,
Longo,ארוך,שם תואר,,,,,
lote,שטח,שם עצם,,,,,
lufa lufa,האפלפף,שם עצם,בהוגוורטס,,,,
lugar,מקום,שם עצם,,,,,
lustre,מנורה (תלויה),שם עצם,,,,,
Luta,לחימה,שם עצם,,,,,
luva,כפפה,שם עצם,,,,,
luz,אור,שם עצם,,,,,
machucar,לפגוע,פועל,,,,,
Macio,רך,שם תואר,,,,,
m?e,אמא,שם עצם,,,,,
maestro,מנצח,שם עצם,,,,,
maio,מאי,שם עצם,,,,,
manh?,בוקר,שם עצם,,,,,
manteiga,חמאה,שם עצם,,,,,
manter,לשמור,פועל,,,,,
m?o,יד,שם עצם,,,,,
mapa,מפה,שם עצם,,,,,
m?quina,מכונה,שם עצם,,,,,
Maravilhosa,נהדרת,שם תואר,,,,,
marco,נקודת ציון,שם עצם,,,,,
mar?o,מרץ,שם עצם,,,,,
Margem,שוליים,שם עצם,,,,,
marido,בעל,שם עצם,,,,,
mau,רע,שם תואר,,,,,
mau com,רע אל...,אחר,,,,,
M?ximo,מקסימלי,שם תואר,,,,,
m?dia,ממוצע,שם עצם,,,,,
medica,רופא,שם עצם,,,,,
Medida,מידה,שם עצם,,,,,
medir,למדוד,פועל,,,,,
medo,פחד,שם עצם,,,,,
meias,גרביים,שם עצם,,,,,
meio,אמצעי,שם עצם,,,,,
melhorar,לשפר,פועל,,,,,
Membro,חבר (ב),שם עצם,,,,,
menina,ילדה,שם עצם,,,,,
menino,ילד,שם עצם,,,,,
Mensal,חודשי,שם תואר,,,,,
Mente,מוח,שם עצם,,,,,
mentir,לשקר,פועל,,,,,
mercado,שוק,שם עצם,,,,,
m?s,חודש,שם עצם,,,,,
mesmo,באמת,אחר,,,,,
mesmo,זהה,שם תואר,,,,,
mesmo,אפילו,אחר,,,,,
metro,מטר,שם עצם,,,,,
Metr?,רכבת תחתית,שם עצם,,,,,
Mexicano,מקסיקני,שם תואר,,,,,
M?xico,מקסיקו,שם עצם,,,,,
militar,צבאי,שם תואר,,,,,
M?nimo,מינימלי,שם תואר,,,,,
minuto,דקה,שם עצם,,,,,
Miss?o,משימה,שם עצם,,,,,
modelo,דוגמן,שם עצם,,,,,
Moderno,מודרני,שם תואר,,,,,
moeda,מטבע,שם עצם,,,,,
molho,רוטב,שם עצם,,,,,
momento,רגע,שם עצם,,,,,
montar,"להרכיב, לרכב (על)",פועל,,,,,
monte,גבעה,שם עצם,,,,,
morar,לגור,פועל,,,,,
moreno,כהה שיער,שם תואר,,,,,
Morno,פושר,שם תואר,,,,,
mostrar,להראות,פועל,,,,,
Motivo,סיבה,שם עצם,,,,,
moto,אופנוע,שם עצם,,,,,
motor,מנוע,שם עצם,,,,,
motorista,נהג,שם עצם,,,,,
movel,רהיט,שם עצם,,,,,
mover,להזיז,פועל,,,,,
mudar,לשנות,פועל,,,,,
muito,מאוד,אחר,אחרי פועל,,,,
muito,הרבה,שם תואר,לפני שם עצם. בהטייה: muito \ muita \ muitos \ muitas,,,,
mulher,אישה,שם עצם,,,,,
M?ltiplo,רב,שם תואר,,,,,
mundial,עולמי,שם תואר,,,,,
munic?pio,עירייה,שם עצם,,,,,
muro,קיר,שם עצם,,,,,
museu,מוזיאון,שם עצם,,,,,
Na??o,לאום,שם עצם,,,,,
nacional,בינלאומי,שם תואר,,,,,
namorada,חברה,שם עצם,,,,,
namorada,בת זוג,שם עצם,,,,,
namorado,חבר,שם עצם,,,,,
namorado,בן זוג,שם עצם,,,,,
nariz,אף,שם עצם,,,,,
nascimento,הולדת,שם עצם,,,,,
natural,טבעי,שם תואר,,,,,
Navega??o,ניווט,שם עצם,,,,,
Negativo,שלילי,שם תואר,,,,,
Nervoso,עצבני,שם תואר,,,,,
neta,נכדה,שם עצם,,,,,
neto,נכד,שם עצם,,,,,
N?vel,שלב,שם עצם,,,,,
no total,"בסה""כ",אחר,,,,,
noiva,כלה,שם עצם,,,,,
nome,שם,שם עצם,,,,,
Norte,צפון,שם עצם,,,,,
Norte americano,צפון אמריקאי,שם תואר,,,,,
nos mesmos,עצמנו,שם תואר,,,,,
Nossa frente,לפנינו,אחר,,,,,
nota,ציון,שם עצם,,,,,
nota,חשבון,שם עצם,,,,,
novembro,נובמבר,שם עצם,,,,,
novo,חדש,שם תואר,,,,,
objeto,חפץ,שם עצם,,,,,
observar,לצפות,פועל,,,,,
Obter,להשיג,פועל,,,,,
?culos,משקפיים,שם עצם,,,,,
ocupa?ao,מקצוע,שם עצם,,,,,
?dio,שנאה,שם עצם,,,,,
Oeste,מערב,שם עצם,,,,,
oferecer,להציע,פועל,,,,,
official,פקיד,שם עצם,,,,,
?leo,שמן,שם עצם,,,,,
olhar,להתסכל,פועל,,,,,
olho,עין,שם עצם,,,,,
ombro,כתף,שם עצם,,,,,
?nibus,אוטובוס,שם עצם,,,,,
orelha,אוזן,שם עצם,,,,,
Orienta??o,הכוונה,שם עצם,,,,,
Orienta??o,הדרכה,שם עצם,,,,,
Original,מקורי,שם תואר,,,,,
?timo,נהדר,שם תואר,,,,,
ouro,זהב,שם עצם,,,,,
outono,סתיו,שם עצם,,,,,
outubro,אוקטובר,שם עצם,,,,,
ouvir,לשמוע,פועל,,,,,
pagar,לשלם,פועל,,,,,
p?gina,דף,שם עצם,,,,,
pai,אבא,שם עצם,,,,,
pa?s,מדינה,שם עצם,,,,,
Paix?o,תשוקה,שם עצם,,,,,
pal?cio,ארמון,שם עצם,,,,,
palavra,מילה,שם עצם,,,,,
Palestra,הרצאה,שם עצם,,,,,
p?o,לחם,שם עצם,,,,,
papel,נייר,שם עצם,,,,,
papel,תפקיד,שם עצם,,,,,
Parada,עצירה,שם עצם,,,,,
Parada,הפסקה,שם עצם,,,,,
Par?grafo,פסקה,שם עצם,,,,,
parar,לעצור,פועל,,,,,
parecer,להיראות,פועל,,,,,
parede,קיר,שם עצם,,,,,
parque,פארק,שם עצם,,,,,
Participar,להשתתף,פועל,,,,,
Particular,ייחודי,שם תואר,,,,,
Particular,פרטי,שם תואר,,,,,
Partida,עזיבה,שם עצם,,,,,
partir,לעזוב,פועל,,,,,
Passageiro,נוסע,שם עצם,,,,,
Passaporte,דרכון,שם עצם,,,,,
p?ssaro,ציפור,שם עצם,,,,,
Passatempo,תחביב,שם עצם,,,,,
Passeio,הליכה,שם עצם,,,,,
p?tio,חצר,שם עצם,,,,,
pato,ברווז,שם עצם,,,,,
P?tria,מולדת,שם עצם,,,,,
pausa,הפסקה,שם עצם,,,,,
p?,כף רגל,שם עצם,,,,,
pe?a,חלק,שם עצם,,,,,
pe?a,חתיכה,שם עצם,,,,,
peda?o,חתיכה,שם עצם,,,,,
pedir,לבקש,פועל,,,,,
pegar,לקחת,פועל,,,,,
peito,חזה,שם עצם,,,,,
Pena,רחמים,שם עצם,,,,,
Pena,חסד,שם עצם,,,,,
pensar,לחשוב,פועל,,,,,
pente,מסרק,שם עצם,,,,,
pequeno,קטן,שם תואר,,,,,
Percep??o,תפישה,שם עצם,,,,,
Perdas,חסרונות,שם עצם,,,,,
perder,להפסיד,פועל,,,,,
Perfeito,מושלם,שם תואר,,,,,
pergunta,שאלה,שם עצם,,,,,
perigoso,מסוכן,שם תואר,,,,,
per?odo,פרק זמן,שם עצם,,,,,
perna,רגל,שם עצם,,,,,
Personalidade,אישיות,שם עצם,,,,,
Perspectiva,"פרספקטיבה, נקודת מבט",שם עצם,,,,,
Pesado,כבד,שם תואר,,,,,
pesar,לשקול,פועל,ele pesa 50 quilos - הוא שוקל 50 קילו,,,,
pescador,דייג,שם עצם,,,,,
pesco?o,צוואר,שם עצם,,,,,
pesquisador,חוקר,שם עצם,,,,,
pessoa,איש,שם עצם,,,,,
pessoal,אישי,שם תואר,,,,,
pilha,ערימה,שם עצם,,,,,
pilha,סוללה,שם עצם,,,,,
Piloto,טייס,שם עצם,,,,,
pimenta,פלפל,שם עצם,,,,,
pintora,צייר,שם עצם,,,,,
Pista,רמז,שם עצם,,,,,
Pista,מסלול,שם עצם,,,,,
Pneus,צמיגים,שם עצם,,,,,
pobre,עני,שם תואר,,,,,
pol?cia,משטרה,שם עצם,,,,,
ponta,קצה,שם עצם,,,,,
ponte,גשר,שם עצם,,,,,
popula??o,אוכלוסיה,שם עצם,,,,,
popular,פופולרי,שם תואר,,,,,
Por querer,בכוונה,אחר,,,,,
porco,חזיר,שם עצם,,,,,
porta,דלת,שם עצם,,,,,
portao,שער,שם עצם,,,,,
porta-voz,דובר,שם עצם,,,,,
Positivo,חיובי,שם תואר,,,,,
poss?vel,אפשרי,שם תואר,,,,,
Posto,פוזיציה,שם עצם,,,,,
Posto,עמדה,שם עצם,,,,,
Posto,מצב,שם עצם,,,,,
pouco,מעט,שם תואר,לפני שם עצם. בהטייה: pouco \ pouca \ poucos \ poucas,,,,
povo,אנשים,שם עצם,,,,,
pra?a,כיכר,שם עצם,,,,,
praia,חוף,שם עצם,,,,,
prato,צלחת,שם עצם,,,,,
Prazer,נעים להכיר,אחר,קיצור של: prazer em conhecer,,,,
Prazer,עונג,שם עצם,,,,,
Prazer,הנאה,שם עצם,,,,,
Prazer em conhecer,נעים להכיר,אחר,,,,,
prazo,דדליין,שם עצם,,,,,
preciso,מדויק,שם תואר,,,,,
preferir,להעדיף,פועל,,,,,
Pr?mio,פרס,שם עצם,,,,,
Preocupa??o,דאגה,שם עצם,,,,,
Preocupado,מודאג,שם תואר,,,,,
Preparar,להכין,פועל,,,,,
Pres?n?a,נוכחות,שם עצם,,,,,
presente,מתנה,שם עצם,,,,,
preto,שחור,שם תואר,,,,,
primavera,אביב,שם עצם,,,,,
primeiro,ראשון,שם תואר,,,,,
primo,בן דוד,שם עצם,,,,,
principal,עיקרי,שם תואר,,,,,
principe,נסיך,שם עצם,,,,,
princ?pio,עיקרון,שם עצם,,,,,
princ?pio,התחלה,שם עצם,,,,,
pris?o,כלא,שם עצם,,,,,
Privado,פרטי,שם תואר,,,,,
Problema,בעיה,שם עצם,,,,,
Procurar,לחפש,פועל,,,,,
produzir,לייצר,פועל,,,,,
professor,מורה,שם עצם,,,,,
profiss?o,מקצוע,שם עצם,,,,,
profissional,מקצוען,שם עצם,,,,,
Profundo,עמוק,שם תואר,,,,,
promotor,תובע,שם עצם,,,,,
Propostas,הצעות,שם עצם,,,,,
propriedade,נכס,שם עצם,,,,,
prote??o,הגנה,שם עצם,,,,,
provar,להוכיח,פועל,,,,,
publico,ציבורי,שם תואר,,,,,
Puro,טהור,שם תואר,,,,,
quadrado,מרובע,שם תואר,,,,,
quarta feira,יום רביעי,שם עצם,,,,,
quarto,חדר,שם עצם,,,,,
queimar,לשרוף,פועל,,,,,
quente,חם,שם תואר,,,,,
querer,לרצות,פועל,,,,,
querido,אהוב,שם תואר,,,,,
quilo,קילוגרם,שם עצם,,,,,
quilometro,קילומטר,שם עצם,,,,,
quimico,כימאי,שם עצם,,,,,
quinta feira,יום חמישי,שם עצם,,,,,
Radical,קיצוני,שם תואר,,,,,
rapaz,בחור,שם עצם,,,,,
r?pido,מהיר,שם תואר,,,,,
Raro,נדיר,שם תואר,,,,,
rato,עכבר,שם עצם,,,,,
real,אמיתי,שם תואר,,,,,
Realizar,"להשיג, להצליח",פועל,,,,,
Receber,לקבל,פועל,,,,,
receita,מתכון,שם עצם,,,,,
recente,עדכני,שם תואר,,,,,
Reconhecer,לזהות,פועל,,,,,
Recuperar,"להחלים, להשתקם",פועל,,,,,
Reda??o,כתיבה,שם עצם,,,,,
refei??o,ארוחה,שם עצם,,,,,
reforma,שיפוץ,שם עצם,,,,,
regi?o,איזור,שם עצם,,,,,
regime,דיאטה,שם עצם,,,,,
regime,משטר,שם עצם,,,,,
regional,אזורי,שם תואר,,,,,
Regras,חוקים,שם עצם,,,,,
rei,מלך,שם עצם,,,,,
Rela??o,מערכת יחסים,שם עצם,,,,,
rel?gio,שעון,שם עצם,,,,,
Repetir,לחזור על,פועל,,,,,
representante,נציג,שם עצם,,,,,
resid?ncia,מקום מגורים,שם עצם,,,,,
resist?ncia,התנגדות,שם עצם,,,,,
resist?ncia,אופוזיציה,שם עצם,,,,,
Resolver,לפתור,פועל,,,,,
respeitar,לכבד,פועל,,,,,
responder,לענות,פועל,,,,,
respons?vel,אחראי,שם תואר,,,,,
resposta,תשובה,שם עצם,,,,,
Reuni?o,פגישה,שם עצם,,,,,
revista,מגזין,שם עצם,,,,,
revolu??o,מהפכה,שם עצם,,,,,
Revolucion?rio,מהפכני,שם תואר,,,,,
rico,עשיר,שם תואר,,,,,
rir,לצחוק,פועל,,,,,
Riso,צחוק,שם עצם,,,,,
roda,גלגל,שם עצם,,,,,
Rodovi?ria,תחנת אוטובוס,שם עצם,,,,,
rosa,ורוד,שם תואר,,,,,
Rota,נתיב,שם עצם,,,,,
roubar,לגנוב,פועל,,,,,
roupa,בגד,שם עצם,,,,,
roxo,סגול,שם עצם,,,,,
rua,רחוב,שם עצם,,,,,
Rumo,נתיב,שם עצם,,,,,
Rumo,מסלול,שם עצם,,,,,
Rural,כפרי,שם תואר,,,,,
s?bado,שבת,שם עצם,,,,,
sab?o,סבון,שם עצם,,,,,
saber,לדעת,פועל,,,,,
sacada,מרפסת,שם עצם,,,,,
saia,חצאית,שם עצם,,,,,
Sa?da,יציאה,שם עצם,,,,,
sala,סלון,שם עצם,,,,,
salgado,מלוח,שם תואר,,,,,
Salto,קפיצה,שם עצם,,,,,
salvar,לשמור,פועל,,,,,
sapatos,נעליים,שם עצם,,,,,
Satisfa??o,שביעות רצון,שם עצם,,,,,
Saudade,געגוע,שם עצם,,,,,
seco,יבש,שם תואר,,,,,
secretaria,משרד,שם עצם,,,,,
secrit?rio,מזכיר,שם עצם,,,,,
s?culo,מאה,שם עצם,,,,,
seguir,לעקוב אחרי,פועל,,,,,
segunda feira,יום שני,שם עצם,,,,,
segundo,שניה,שם עצם,,,,,
seguro,בטיחותי,שם תואר,,,,,
semana,שבוע,שם עצם,,,,,
Semanal,שבועי,שם תואר,,,,,
Semestre,סמסטר,שם עצם,,,,,
senhor,אדון,שם עצם,,,,,
senhora,גברת,שם עצם,,,,,
Sensa??o,הרגשה,שם עצם,,,,,
Sensibilidade,רגישות,שם עצם,,,,,
sentar,לשבת,פועל,,,,,
Sentimento,רגש,שם עצם,,,,,
Sentir,להרגיש,פועל,,,,,
ser,להיות,פועל,,,,,
S?rie,כיתה,שם עצם,,,,,
S?rie,סדרה,שם עצם,,,,,
S?rio,רציני,שם תואר,,,,,
Servir,"לשרת, להגיש",פועל,,,,,
Sess?o,ישיבה,שם עצם,,,,,
setembro,ספטמבר,שם עצם,,,,,
sexta feira,יום שישי,שם עצם,,,,,
simples,פשוט,שם תואר,,,,,
Sinal,אות,שם עצם,,,,,
Sinal,סימן,שם עצם,,,,,
sindicato,איחוד,שם עצם,,,,,
Situa??o,סיטואציה,שם עצם,,,,,
sobrenome,שם משפחה,שם עצם,,,,,
sobrinho,אחיין,שם עצם,,,,,
sof?,ספה,שם עצם,,,,,
Sofrer,לסבול,פועל,,,,,
Solid?o,בדידות,שם עצם,,,,,
Solu??o,פתרון,שם עצם,,,,,
Sombra,צל,שם עצם,,,,,
sonhar,לחלום,פועל,,,,,
sonserina,סלית'רין,שם עצם,בהוגוורטס,,,,
Sorriso,חיוך,שם עצם,,,,,
Subir,לעלות,פועל,,,,,
suco,מיץ,שם עצם,,,,,
suficiente,מספיק,שם תואר,,,,,
sujo,מלוכלך,שם תואר,,,,,
Sul,דרום,שם עצם,,,,,
Superior,עליון,שם תואר,,,,,
supermercado,סופר,שם עצם,,,,,
supor,"להניח (ש), לחשוב (ש)",פועל,,,,,
surpresa,הפתעה,שם עצם,,,,,
Surpreso,מופתע,שם תואר,,,,,
Tabela,טבלה,שם עצם,,,,,
Tamanho,גודל,שם תואר,,,,,
tapete,שטיח,שם עצם,,,,,
tarde,אחר צהריים,שם עצם,,,,,
tarde,מאוחר,שם תואר,,,,,
Tarefa,משימה,שם עצם,,,,,
tartaruga,צב,שם עצם,,,,,
T?xi,מונית,שם עצם,,,,,
teatro,תיאטרון,שם עצם,,,,,
teclado,מקלדת,שם עצם,,,,,
tela,מסך,שם עצם,,,,,
tem certeza,בטוח ש,אחר,,,,,
Tema,תמה,שם עצם,,,,,
Tema,נושא,שם עצם,,,,,
tempo,זמן,שם עצם,,,,,
tempo,מזג אוויר,שם עצם,,,,,
temporada,עונה,שם עצם,,,,,
T?nis,נעלי ספורט,שם עצם,,,,,
T?nis,טניס,שם עצם,,,,,
Tens?o,מתח,שם עצם,,,,,
tentar,לנסות,פועל,,,,,
ter,להיות בעל,פועל,ele tem uma mesa - יש לו שולחן,,,,
terca feira,יום שלישי,שם עצם,,,,,
terminar,לסיים,פועל,,,,,
terreno,שטח,שם עצם,,,,,
territ?rio,טריטוריה,שם עצם,,,,,
Teste,מבחן,שם עצם,,,,,
teto,תקרה,שם עצם,,,,,
texto,טקסט,שם עצם,,,,,
tia,דודה,שם עצם,,,,,
tigre,טיגריס,שם עצם,,,,,
Time,קבוצה,שם עצם,,,,,
t?mido,ביישן,שם תואר,,,,,
tio,דוד,שם עצם,,,,,
tirar,"לקחת, להסיר",פועל,,,,,
T?tulo,כותרת,שם עצם,,,,,
toalha,מגבת,שם עצם,,,,,
tocar,לגעת ב...,פועל,הצרכה: em,,,,
tocar,לנגן,פועל,,,,,
Tom,גוון,שם עצם,,,,,
Tom,טון,שם עצם,,,,,
toma banho,מתקלח,שם עצם,,,,,
tomada,שקע,שם עצם,,,,,
tomar,לשתות,פועל,,,,,
Torneio,טורניר,שם עצם,,,,,
trabalhador,עובד,שם עצם,,,,,
trabalhar,לעבוד,פועל,,,,,
Tradi??o,מסורת,שם עצם,,,,,
Tranquilo,רגוע,שם תואר,,,,,
Tr?nsito,תנועה (של כלי רכב),שם עצם,,,,,
Tratar,לטפל,פועל,,,,,
travesserio,כרית,שם עצם,,,,,
trazer,להביא,פועל,,,,,
Treina,מאמן,שם עצם,,,,,
Treinador,מאמן,שם עצם,,,,,
Trem,רכבת,שם עצם,,,,,
tribunal,בית משפט,שם עצם,,,,,
trimestre,שליש,שם עצם,,,,,
triste,עצוב,שם תואר,,,,,
turismo,תיירות,שם עצם,,,,,
Turista,תייר,שם עצם,,,,,
?ltimo,אחרון,שם תואר,,,,,
?mido,לח,שם תואר,,,,,
?mido,רטוב,שם תואר,,,,,
Uni?o,אחדות,שם עצם,,,,,
?nico,יחיד,שם תואר,,,,,
Unidade,יחידה,שם עצם,,,,,
Universal,אוניברסלי,שם תואר,,,,,
universidade,אוניברסיטה,שם עצם,,,,,
Urbano,עירוני,שם תואר,,,,,
urso,דוב,שם עצם,,,,,
usar,"להשתמש, ללבוש",פועל,,,,,
usu?rio,משתמש,שם עצם,,,,,
?til,שימושי,שם תואר,,,,,
vago,ריק,שם תואר,,,,,
vazio,ריק,שם תואר,,,,,
vegetariano,צמחוני,שם תואר,,,,,
ve?culos,כלי רכב,שם עצם,,,,,
velho,זקן,שם תואר,,,,,
vender,למכור,פועל,,,,,
ventilador,מאוורר,שם עצם,,,,,
ver,לראות,פועל,,,,,
ver?o,קיץ,שם עצם,,,,,
verdadeiro,אמיתי,שם תואר,,,,,
verde,ירוק,שם תואר,,,,,
vermelho,אדום,שם תואר,,,,,
Vers?o,גרסה,שם עצם,,,,,
vestido,שמלה,שם עצם,,,,,
vez,פעם,שם עצם,,,,,
vez,תור,שם עצם,,,,,
Viagem,טיול,שם עצם,,,,,
viajar,לטייל,פועל,,,,,
vir,לבוא,פועל,,,,,
virar,להפוך ל...,פועל,,,,,
visitar,לבקר,פועל,,,,,
Vista,נופ,שם עצם,,,,,
Vital,חיוני,שם תואר,,,,,
v?tima,קורבן,שם עצם,,,,,
Vit?ria,ניצחון,שם עצם,,,,,
vizinho,שכן,שם עצם,,,,,
voar,לעוף,פועל,,,,,
voltar,לחזור,פועל,,,,,
vontade,רצון,שם עצם,,,,,
Voo,טיסה,שם עצם,,,,,
x?cara,ספל,שם עצם,,,,,
zona,איזור,שם עצם,,,,,
,,,,,,,
,,,,,,,
,,,,,,,
,,,,,,,
,,,,,,,
,,,,,,,
,,,,,,,
,,,,,,,
,,,,,,,
,,,,,,,
,,,,,,,
,,,,,,,
,,,,,,,
,,,,,,,
,,,,,,,
,,,,,,,
,,,,,,,
,,,,,,,
,,,,,,,
,,,,,,,
,,,,,,,
,,,,,,,
,,,,,,,
,,,,,,,
,,,,,,,
,,,,,,,
,,,,,,,
,,,,,,,
,,,,,,,
,,,,,,,
,,,,,,,
,,,,,,,
,,,,,,,
,,,,,,,
